Workbook

Sheet Read me
B2: Retail work schedule: Dispensary
B3: One week at a time. Pick a shift code for each person and day; hours, rest and cover checks update on their own.
B5: How to use
B6: 1 | C6: Open the Schedule sheet. Type the Monday of the week in the blue cell (C3). Day headings fill in.
B7: 2 | C7: Overwrite the example names, roles and contract hours (blue cells). Add up to 15 people.
B8: 3 | C8: For each person and day, pick a code from the drop-down (E, M, L, OFF, LV, SK, PH). Add your own codes on the Shifts & Rules sheet.
B9: 4 | C9: Read the Flag column (hours, rest) and the Cover check block at the bottom (pharmacist on duty, at opening, at closing). Fix every red cell.
B10: 5 | C10: Next week: copy the Schedule sheet (right-click the tab, Move or Copy), change the Monday date, and re-pick the codes.
B11: Colour key
B12: Blue cell | C12: You type or pick here. Everything else is a formula: please don't overwrite it.
B13: Red text or fill | C13: A problem to fix: over the weekly hours limit, too little rest, or a cover gap.
B14: Assumptions to confirm
B15: Shift times | C15: E 08:00 to 16:30, M 09:30 to 18:00, L 12:00 to 20:30 are placeholders. Replace them with your store's real opening and closing pattern on Shifts & Rules.
B16: Unpaid break | C16: 30 minutes per shift is an assumption. The Basic Conditions of Employment Act sets a meal interval of 1 hour after 5 hours of continuous work, which can be reduced to 30 minutes by written agreement. Confirm your store's policy.
B17: Hour limits | C17: 45 ordinary hours a week and 12 hours of rest between shifts are the figures in the Act as I understand them. Confirm with HR before relying on them. Overtime, Sunday and public holiday pay rules are not calculated here.
B18: Rest check | C18: The rest flag only checks a Late shift followed by an Early shift the next day. The 36 hours of weekly rest is not checked: eyeball it.
B19: Example data | C19: Names and shifts are made-up examples to show the format. Overwrite them.

Sheet Schedule
A1: Weekly work schedule
A2: Department / store | B2: Dispensary: [store name] | H2: Blue = you type or pick. Red = fix it.
A3: Week commencing (Monday) | C3: 46314
A5: Name | B5: Role | C5: Contract hrs | D5: =$C$3+0 -> 46314 | E5: =$C$3+1 -> 46315 | F5: =$C$3+2 -> 46316 | G5: =$C$3+3 -> 46317 | H5: =$C$3+4 -> 46318 | I5: =$C$3+5 -> 46319 | J5: =$C$3+6 -> 46320 | K5: Hours | L5: Days | M5: Flag
A6: Thandi M. (Manager) | B6: Pharmacist | C6: 40 | D6: E | E6: E | F6: E | G6: E | H6: OFF | I6: M | J6: OFF | K6: =IF($A6="","",SUMPRODUCT(SUMIF('Shifts & Rules'!$A$5:$A$14,D6:J6,'Shifts & Rules'!$F$5:$F$14))) -> 40 | L6: =IF($A6="","",SUMPRODUCT(--(SUMIF('Shifts & Rules'!$A$5:$A$14,D6:J6,'Shifts & Rules'!$F$5:$F$14)>0))) -> 5 | M6: =IF($A6="","",IF(K6>'Shifts & Rules'!$C$18,"Over max hours",IF(AND(SUMPRODUCT((D6:I6='Shifts & Rules'!$C$21)*(E6:J6='Shifts & Rules'!$C$20))>0,'Shifts & Rules'!$C$23<'Shifts & Rules'!$C$19),"Short rest (Late then Early)",IF(AND(C6>0,K6<C6),"Under contract","OK")))) -> OK
A7: Pieter v. W. | B7: Pharmacist | C7: 40 | D7: L | E7: L | F7: L | G7: L | H7: L | I7: OFF | J7: OFF | K7: =IF($A7="","",SUMPRODUCT(SUMIF('Shifts & Rules'!$A$5:$A$14,D7:J7,'Shifts & Rules'!$F$5:$F$14))) -> 40 | L7: =IF($A7="","",SUMPRODUCT(--(SUMIF('Shifts & Rules'!$A$5:$A$14,D7:J7,'Shifts & Rules'!$F$5:$F$14)>0))) -> 5 | M7: =IF($A7="","",IF(K7>'Shifts & Rules'!$C$18,"Over max hours",IF(AND(SUMPRODUCT((D7:I7='Shifts & Rules'!$C$21)*(E7:J7='Shifts & Rules'!$C$20))>0,'Shifts & Rules'!$C$23<'Shifts & Rules'!$C$19),"Short rest (Late then Early)",IF(AND(C7>0,K7<C7),"Under contract","OK")))) -> OK
A8: Naledi D. (relief) | B8: Pharmacist | C8: 40 | D8: OFF | E8: OFF | F8: M | G8: M | H8: E | I8: M | J8: M | K8: =IF($A8="","",SUMPRODUCT(SUMIF('Shifts & Rules'!$A$5:$A$14,D8:J8,'Shifts & Rules'!$F$5:$F$14))) -> 40 | L8: =IF($A8="","",SUMPRODUCT(--(SUMIF('Shifts & Rules'!$A$5:$A$14,D8:J8,'Shifts & Rules'!$F$5:$F$14)>0))) -> 5 | M8: =IF($A8="","",IF(K8>'Shifts & Rules'!$C$18,"Over max hours",IF(AND(SUMPRODUCT((D8:I8='Shifts & Rules'!$C$21)*(E8:J8='Shifts & Rules'!$C$20))>0,'Shifts & Rules'!$C$23<'Shifts & Rules'!$C$19),"Short rest (Late then Early)",IF(AND(C8>0,K8<C8),"Under contract","OK")))) -> OK
A9: Zanele K. | B9: Pharmacist Assistant | C9: 40 | D9: M | E9: M | F9: OFF | G9: OFF | H9: M | I9: L | J9: L | K9: =IF($A9="","",SUMPRODUCT(SUMIF('Shifts & Rules'!$A$5:$A$14,D9:J9,'Shifts & Rules'!$F$5:$F$14))) -> 40 | L9: =IF($A9="","",SUMPRODUCT(--(SUMIF('Shifts & Rules'!$A$5:$A$14,D9:J9,'Shifts & Rules'!$F$5:$F$14)>0))) -> 5 | M9: =IF($A9="","",IF(K9>'Shifts & Rules'!$C$18,"Over max hours",IF(AND(SUMPRODUCT((D9:I9='Shifts & Rules'!$C$21)*(E9:J9='Shifts & Rules'!$C$20))>0,'Shifts & Rules'!$C$23<'Shifts & Rules'!$C$19),"Short rest (Late then Early)",IF(AND(C9>0,K9<C9),"Under contract","OK")))) -> OK
A10: Sipho N. | B10: Pharmacist Assistant | C10: 40 | D10: E | E10: OFF | F10: E | G10: E | H10: E | I10: E | J10: OFF | K10: =IF($A10="","",SUMPRODUCT(SUMIF('Shifts & Rules'!$A$5:$A$14,D10:J10,'Shifts & Rules'!$F$5:$F$14))) -> 40 | L10: =IF($A10="","",SUMPRODUCT(--(SUMIF('Shifts & Rules'!$A$5:$A$14,D10:J10,'Shifts & Rules'!$F$5:$F$14)>0))) -> 5 | M10: =IF($A10="","",IF(K10>'Shifts & Rules'!$C$18,"Over max hours",IF(AND(SUMPRODUCT((D10:I10='Shifts & Rules'!$C$21)*(E10:J10='Shifts & Rules'!$C$20))>0,'Shifts & Rules'!$C$23<'Shifts & Rules'!$C$19),"Short rest (Late then Early)",IF(AND(C10>0,K10<C10),"Under contract","OK")))) -> OK
A11: Lindiwe P. | B11: Dispensary Assistant | C11: 40 | D11: OFF | E11: E | F11: L | G11: L | H11: OFF | I11: L | J11: L | K11: =IF($A11="","",SUMPRODUCT(SUMIF('Shifts & Rules'!$A$5:$A$14,D11:J11,'Shifts & Rules'!$F$5:$F$14))) -> 40 | L11: =IF($A11="","",SUMPRODUCT(--(SUMIF('Shifts & Rules'!$A$5:$A$14,D11:J11,'Shifts & Rules'!$F$5:$F$14)>0))) -> 5 | M11: =IF($A11="","",IF(K11>'Shifts & Rules'!$C$18,"Over max hours",IF(AND(SUMPRODUCT((D11:I11='Shifts & Rules'!$C$21)*(E11:J11='Shifts & Rules'!$C$20))>0,'Shifts & Rules'!$C$23<'Shifts & Rules'!$C$19),"Short rest (Late then Early)",IF(AND(C11>0,K11<C11),"Under contract","OK")))) -> OK
A12: Ayanda Z. | B12: Dispensary Assistant | C12: 40 | D12: L | E12: M | F12: M | G12: OFF | H12: L | I12: OFF | J12: M | K12: =IF($A12="","",SUMPRODUCT(SUMIF('Shifts & Rules'!$A$5:$A$14,D12:J12,'Shifts & Rules'!$F$5:$F$14))) -> 40 | L12: =IF($A12="","",SUMPRODUCT(--(SUMIF('Shifts & Rules'!$A$5:$A$14,D12:J12,'Shifts & Rules'!$F$5:$F$14)>0))) -> 5 | M12: =IF($A12="","",IF(K12>'Shifts & Rules'!$C$18,"Over max hours",IF(AND(SUMPRODUCT((D12:I12='Shifts & Rules'!$C$21)*(E12:J12='Shifts & Rules'!$C$20))>0,'Shifts & Rules'!$C$23<'Shifts & Rules'!$C$19),"Short rest (Late then Early)",IF(AND(C12>0,K12<C12),"Under contract","OK")))) -> OK
A13: Kabelo S. | B13: Cashier | C13: 40 | D13: M | E13: L | F13: OFF | G13: M | H13: M | I13: M | J13: OFF | K13: =IF($A13="","",SUMPRODUCT(SUMIF('Shifts & Rules'!$A$5:$A$14,D13:J13,'Shifts & Rules'!$F$5:$F$14))) -> 40 | L13: =IF($A13="","",SUMPRODUCT(--(SUMIF('Shifts & Rules'!$A$5:$A$14,D13:J13,'Shifts & Rules'!$F$5:$F$14)>0))) -> 5 | M13: =IF($A13="","",IF(K13>'Shifts & Rules'!$C$18,"Over max hours",IF(AND(SUMPRODUCT((D13:I13='Shifts & Rules'!$C$21)*(E13:J13='Shifts & Rules'!$C$20))>0,'Shifts & Rules'!$C$23<'Shifts & Rules'!$C$19),"Short rest (Late then Early)",IF(AND(C13>0,K13<C13),"Under contract","OK")))) -> OK
K14: =IF($A14="","",SUMPRODUCT(SUMIF('Shifts & Rules'!$A$5:$A$14,D14:J14,'Shifts & Rules'!$F$5:$F$14))) | L14: =IF($A14="","",SUMPRODUCT(--(SUMIF('Shifts & Rules'!$A$5:$A$14,D14:J14,'Shifts & Rules'!$F$5:$F$14)>0))) | M14: =IF($A14="","",IF(K14>'Shifts & Rules'!$C$18,"Over max hours",IF(AND(SUMPRODUCT((D14:I14='Shifts & Rules'!$C$21)*(E14:J14='Shifts & Rules'!$C$20))>0,'Shifts & Rules'!$C$23<'Shifts & Rules'!$C$19),"Short rest (Late then Early)",IF(AND(C14>0,K14<C14),"Under contract","OK"))))
K15: =IF($A15="","",SUMPRODUCT(SUMIF('Shifts & Rules'!$A$5:$A$14,D15:J15,'Shifts & Rules'!$F$5:$F$14))) | L15: =IF($A15="","",SUMPRODUCT(--(SUMIF('Shifts & Rules'!$A$5:$A$14,D15:J15,'Shifts & Rules'!$F$5:$F$14)>0))) | M15: =IF($A15="","",IF(K15>'Shifts & Rules'!$C$18,"Over max hours",IF(AND(SUMPRODUCT((D15:I15='Shifts & Rules'!$C$21)*(E15:J15='Shifts & Rules'!$C$20))>0,'Shifts & Rules'!$C$23<'Shifts & Rules'!$C$19),"Short rest (Late then Early)",IF(AND(C15>0,K15<C15),"Under contract","OK"))))
K16: =IF($A16="","",SUMPRODUCT(SUMIF('Shifts & Rules'!$A$5:$A$14,D16:J16,'Shifts & Rules'!$F$5:$F$14))) | L16: =IF($A16="","",SUMPRODUCT(--(SUMIF('Shifts & Rules'!$A$5:$A$14,D16:J16,'Shifts & Rules'!$F$5:$F$14)>0))) | M16: =IF($A16="","",IF(K16>'Shifts & Rules'!$C$18,"Over max hours",IF(AND(SUMPRODUCT((D16:I16='Shifts & Rules'!$C$21)*(E16:J16='Shifts & Rules'!$C$20))>0,'Shifts & Rules'!$C$23<'Shifts & Rules'!$C$19),"Short rest (Late then Early)",IF(AND(C16>0,K16<C16),"Under contract","OK"))))
K17: =IF($A17="","",SUMPRODUCT(SUMIF('Shifts & Rules'!$A$5:$A$14,D17:J17,'Shifts & Rules'!$F$5:$F$14))) | L17: =IF($A17="","",SUMPRODUCT(--(SUMIF('Shifts & Rules'!$A$5:$A$14,D17:J17,'Shifts & Rules'!$F$5:$F$14)>0))) | M17: =IF($A17="","",IF(K17>'Shifts & Rules'!$C$18,"Over max hours",IF(AND(SUMPRODUCT((D17:I17='Shifts & Rules'!$C$21)*(E17:J17='Shifts & Rules'!$C$20))>0,'Shifts & Rules'!$C$23<'Shifts & Rules'!$C$19),"Short rest (Late then Early)",IF(AND(C17>0,K17<C17),"Under contract","OK"))))
K18: =IF($A18="","",SUMPRODUCT(SUMIF('Shifts & Rules'!$A$5:$A$14,D18:J18,'Shifts & Rules'!$F$5:$F$14))) | L18: =IF($A18="","",SUMPRODUCT(--(SUMIF('Shifts & Rules'!$A$5:$A$14,D18:J18,'Shifts & Rules'!$F$5:$F$14)>0))) | M18: =IF($A18="","",IF(K18>'Shifts & Rules'!$C$18,"Over max hours",IF(AND(SUMPRODUCT((D18:I18='Shifts & Rules'!$C$21)*(E18:J18='Shifts & Rules'!$C$20))>0,'Shifts & Rules'!$C$23<'Shifts & Rules'!$C$19),"Short rest (Late then Early)",IF(AND(C18>0,K18<C18),"Under contract","OK"))))
K19: =IF($A19="","",SUMPRODUCT(SUMIF('Shifts & Rules'!$A$5:$A$14,D19:J19,'Shifts & Rules'!$F$5:$F$14))) | L19: =IF($A19="","",SUMPRODUCT(--(SUMIF('Shifts & Rules'!$A$5:$A$14,D19:J19,'Shifts & Rules'!$F$5:$F$14)>0))) | M19: =IF($A19="","",IF(K19>'Shifts & Rules'!$C$18,"Over max hours",IF(AND(SUMPRODUCT((D19:I19='Shifts & Rules'!$C$21)*(E19:J19='Shifts & Rules'!$C$20))>0,'Shifts & Rules'!$C$23<'Shifts & Rules'!$C$19),"Short rest (Late then Early)",IF(AND(C19>0,K19<C19),"Under contract","OK"))))
K20: =IF($A20="","",SUMPRODUCT(SUMIF('Shifts & Rules'!$A$5:$A$14,D20:J20,'Shifts & Rules'!$F$5:$F$14))) | L20: =IF($A20="","",SUMPRODUCT(--(SUMIF('Shifts & Rules'!$A$5:$A$14,D20:J20,'Shifts & Rules'!$F$5:$F$14)>0))) | M20: =IF($A20="","",IF(K20>'Shifts & Rules'!$C$18,"Over max hours",IF(AND(SUMPRODUCT((D20:I20='Shifts & Rules'!$C$21)*(E20:J20='Shifts & Rules'!$C$20))>0,'Shifts & Rules'!$C$23<'Shifts & Rules'!$C$19),"Short rest (Late then Early)",IF(AND(C20>0,K20<C20),"Under contract","OK"))))
A21: Total hours | K21: =SUM(K6:K20) -> 320 | L21: =SUM(L6:L20) -> 40
A23: Cover check | D23: =D$5 -> 46314 | E23: =E$5 -> 46315 | F23: =F$5 -> 46316 | G23: =G$5 -> 46317 | H23: =H$5 -> 46318 | I23: =I$5 -> 46319 | J23: =J$5 -> 46320
A24: Minimum pharmacists on duty | D24: 2 | E24: 2 | F24: 2 | G24: 2 | H24: 2 | I24: 1 | J24: 1
A25: Pharmacists on duty | D25: =COUNTIFS($B$6:$B$20,"Pharmacist",D$6:D$20,"E")+COUNTIFS($B$6:$B$20,"Pharmacist",D$6:D$20,"M")+COUNTIFS($B$6:$B$20,"Pharmacist",D$6:D$20,"L") -> 2 | E25: =COUNTIFS($B$6:$B$20,"Pharmacist",E$6:E$20,"E")+COUNTIFS($B$6:$B$20,"Pharmacist",E$6:E$20,"M")+COUNTIFS($B$6:$B$20,"Pharmacist",E$6:E$20,"L") -> 2 | F25: =COUNTIFS($B$6:$B$20,"Pharmacist",F$6:F$20,"E")+COUNTIFS($B$6:$B$20,"Pharmacist",F$6:F$20,"M")+COUNTIFS($B$6:$B$20,"Pharmacist",F$6:F$20,"L") -> 3 | G25: =COUNTIFS($B$6:$B$20,"Pharmacist",G$6:G$20,"E")+COUNTIFS($B$6:$B$20,"Pharmacist",G$6:G$20,"M")+COUNTIFS($B$6:$B$20,"Pharmacist",G$6:G$20,"L") -> 3 | H25: =COUNTIFS($B$6:$B$20,"Pharmacist",H$6:H$20,"E")+COUNTIFS($B$6:$B$20,"Pharmacist",H$6:H$20,"M")+COUNTIFS($B$6:$B$20,"Pharmacist",H$6:H$20,"L") -> 2 | I25: =COUNTIFS($B$6:$B$20,"Pharmacist",I$6:I$20,"E")+COUNTIFS($B$6:$B$20,"Pharmacist",I$6:I$20,"M")+COUNTIFS($B$6:$B$20,"Pharmacist",I$6:I$20,"L") -> 2 | J25: =COUNTIFS($B$6:$B$20,"Pharmacist",J$6:J$20,"E")+COUNTIFS($B$6:$B$20,"Pharmacist",J$6:J$20,"M")+COUNTIFS($B$6:$B$20,"Pharmacist",J$6:J$20,"L") -> 1
A26: Status | D26: =IF(D25>=D24,"OK","GAP") -> OK | E26: =IF(E25>=E24,"OK","GAP") -> OK | F26: =IF(F25>=F24,"OK","GAP") -> OK | G26: =IF(G25>=G24,"OK","GAP") -> OK | H26: =IF(H25>=H24,"OK","GAP") -> OK | I26: =IF(I25>=I24,"OK","GAP") -> OK | J26: =IF(J25>=J24,"OK","GAP") -> OK
A27: Minimum pharmacists at opening (E) | D27: 1 | E27: 1 | F27: 1 | G27: 1 | H27: 1 | I27: 0 | J27: 0
A28: Pharmacists on the Early shift | D28: =COUNTIFS($B$6:$B$20,"Pharmacist",D$6:D$20,"E") -> 1 | E28: =COUNTIFS($B$6:$B$20,"Pharmacist",E$6:E$20,"E") -> 1 | F28: =COUNTIFS($B$6:$B$20,"Pharmacist",F$6:F$20,"E") -> 1 | G28: =COUNTIFS($B$6:$B$20,"Pharmacist",G$6:G$20,"E") -> 1 | H28: =COUNTIFS($B$6:$B$20,"Pharmacist",H$6:H$20,"E") -> 1 | I28: =COUNTIFS($B$6:$B$20,"Pharmacist",I$6:I$20,"E") -> 0 | J28: =COUNTIFS($B$6:$B$20,"Pharmacist",J$6:J$20,"E") -> 0
A29: Status | D29: =IF(D28>=D27,"OK","GAP") -> OK | E29: =IF(E28>=E27,"OK","GAP") -> OK | F29: =IF(F28>=F27,"OK","GAP") -> OK | G29: =IF(G28>=G27,"OK","GAP") -> OK | H29: =IF(H28>=H27,"OK","GAP") -> OK | I29: =IF(I28>=I27,"OK","GAP") -> OK | J29: =IF(J28>=J27,"OK","GAP") -> OK
A30: Minimum pharmacists at closing (L) | D30: 1 | E30: 1 | F30: 1 | G30: 1 | H30: 1 | I30: 0 | J30: 0
A31: Pharmacists on the Late shift | D31: =COUNTIFS($B$6:$B$20,"Pharmacist",D$6:D$20,"L") -> 1 | E31: =COUNTIFS($B$6:$B$20,"Pharmacist",E$6:E$20,"L") -> 1 | F31: =COUNTIFS($B$6:$B$20,"Pharmacist",F$6:F$20,"L") -> 1 | G31: =COUNTIFS($B$6:$B$20,"Pharmacist",G$6:G$20,"L") -> 1 | H31: =COUNTIFS($B$6:$B$20,"Pharmacist",H$6:H$20,"L") -> 1 | I31: =COUNTIFS($B$6:$B$20,"Pharmacist",I$6:I$20,"L") -> 0 | J31: =COUNTIFS($B$6:$B$20,"Pharmacist",J$6:J$20,"L") -> 0
A32: Status | D32: =IF(D31>=D30,"OK","GAP") -> OK | E32: =IF(E31>=E30,"OK","GAP") -> OK | F32: =IF(F31>=F30,"OK","GAP") -> OK | G32: =IF(G31>=G30,"OK","GAP") -> OK | H32: =IF(H31>=H30,"OK","GAP") -> OK | I32: =IF(I31>=I30,"OK","GAP") -> OK | J32: =IF(J31>=J30,"OK","GAP") -> OK
A33: All staff on duty | D33: =COUNTIF(D$6:D$20,"E")+COUNTIF(D$6:D$20,"M")+COUNTIF(D$6:D$20,"L") -> 6 | E33: =COUNTIF(E$6:E$20,"E")+COUNTIF(E$6:E$20,"M")+COUNTIF(E$6:E$20,"L") -> 6 | F33: =COUNTIF(F$6:F$20,"E")+COUNTIF(F$6:F$20,"M")+COUNTIF(F$6:F$20,"L") -> 6 | G33: =COUNTIF(G$6:G$20,"E")+COUNTIF(G$6:G$20,"M")+COUNTIF(G$6:G$20,"L") -> 6 | H33: =COUNTIF(H$6:H$20,"E")+COUNTIF(H$6:H$20,"M")+COUNTIF(H$6:H$20,"L") -> 6 | I33: =COUNTIF(I$6:I$20,"E")+COUNTIF(I$6:I$20,"M")+COUNTIF(I$6:I$20,"L") -> 6 | J33: =COUNTIF(J$6:J$20,"E")+COUNTIF(J$6:J$20,"M")+COUNTIF(J$6:J$20,"L") -> 4
A35: Counts treat the role named exactly "Pharmacist" as the pharmacist on duty. Minimums are placeholders for you to set (blue cells). Example staff and shifts are made up.

Sheet Shifts & Rules
A1: Shifts & Rules
A2: Shift codes appear in the Schedule drop-downs. Paid hours = end minus start minus unpaid break. A code with no times (OFF, LV, SK, PH) counts as 0 hours.
A4: Code | B4: Shift | C4: Start | D4: End | E4: Unpaid break (hrs) | F4: Paid hours | G4: Works?
A5: E | B5: Early | C5: 0.33333333 | D5: 0.6875 | E5: 0.5 | F5: =IF(OR(C5="",D5=""),0,(D5-C5)*24-E5) -> 8 | G5: =IF(F5>0,"Yes","No") -> Yes
A6: M | B6: Mid | C6: 0.39583333 | D6: 0.75 | E6: 0.5 | F6: =IF(OR(C6="",D6=""),0,(D6-C6)*24-E6) -> 8 | G6: =IF(F6>0,"Yes","No") -> Yes
A7: L | B7: Late | C7: 0.5 | D7: 0.85416667 | E7: 0.5 | F7: =IF(OR(C7="",D7=""),0,(D7-C7)*24-E7) -> 8 | G7: =IF(F7>0,"Yes","No") -> Yes
A8: OFF | B8: Day off | F8: =IF(OR(C8="",D8=""),0,(D8-C8)*24-E8) -> 0 | G8: =IF(F8>0,"Yes","No") -> No
A9: LV | B9: Annual leave | F9: =IF(OR(C9="",D9=""),0,(D9-C9)*24-E9) -> 0 | G9: =IF(F9>0,"Yes","No") -> No
A10: SK | B10: Sick leave | F10: =IF(OR(C10="",D10=""),0,(D10-C10)*24-E10) -> 0 | G10: =IF(F10>0,"Yes","No") -> No
A11: PH | B11: Public holiday off | F11: =IF(OR(C11="",D11=""),0,(D11-C11)*24-E11) -> 0 | G11: =IF(F11>0,"Yes","No") -> No
F12: =IF(OR(C12="",D12=""),0,(D12-C12)*24-E12) -> 0 | G12: =IF(F12>0,"Yes","No") -> No
F13: =IF(OR(C13="",D13=""),0,(D13-C13)*24-E13) -> 0 | G13: =IF(F13>0,"Yes","No") -> No
F14: =IF(OR(C14="",D14=""),0,(D14-C14)*24-E14) -> 0 | G14: =IF(F14>0,"Yes","No") -> No
A17: Rules used by the Flag column
A18: Maximum ordinary hours per week | C18: 45 | D18: Basic Conditions of Employment Act, section 9 (45 ordinary hours a week). Confirm with HR.
A19: Minimum rest between shifts (hrs) | C19: 12 | D19: Basic Conditions of Employment Act, section 15 (12 hours daily rest). Confirm with HR.
A20: Early shift code (rest check) | C20: E | D20: Code of the earliest shift
A21: Late shift code (rest check) | C21: L | D21: Code of the latest shift
A23: Rest between a Late and the next Early shift (hrs) | C23: =IFERROR(24+(INDEX($C$5:$C$14,MATCH($C$20,$A$5:$A$14,0))-INDEX($D$5:$D$14,MATCH($C$21,$A$5:$A$14,0)))*24,0) -> 11.5 | D23: Calculated: hours between the end of the Late shift and the start of the Early shift next day.
